Timestamp,What year/semester are you currently in? ,  What program are you enrolled in?  ,"I use our current digital learning tools (LMS, class groups, shared drives, etc.) almost every day.   ","I spend a meaningful amount of time actively using these tools, not just opening and closing them. ","I regularly attend classes and actively participate (asking questions, contributing). ",How many hours per week do you spend using digital tools specifically for studying (not social media) ,I find our current digital learning tools genuinely useful for my studies. ,Using these tools makes my coursework easier to manage. ,I enjoy using digital tools as part of my learning (not just tolerating them) ,I feel curious or interested when exploring new features of a learning tool. ,"I feel a sense of connection to my instructors/classmates through these tools (e.g., discussion features, group chats). ",I plan to keep using digital learning tools throughout this case study. ,I would use a new digital study tool even if it wasn't required by a class. ,"Before I start studying, I decide on a strategy or plan for how to approach the material. ",I organize my time and materials in advance to prepare for exams or assignments. ,"I regularly review material I've already learned, not just new material. ","When I don't understand something, I try different strategies before giving up. ",I can tell when I've actually learned something versus just memorized it temporarily. ,What frustrates you most about the digital tools you currently use for learning? ,"If you could add ONE feature to how you study or review material, what would it be? ","Do you currently use any spaced repetition or flashcard tools (e.g., Anki, Quizlet)? If yes, briefly describe your experience. "
09/06/2026 14:45:46,3rd year,Physics/Maths,3,3,2,10-12,3,3,3,4,1,4,3,4,4,4,3,4,Subscriptions,A feature to show what one should already know beforehand before starting a topic.,Decent
09/06/2026 15:00:19,6,BIT ,4,4,2,20hrs,5,4,4,3,3,4,4,4,5,4,4,4,to pay ,QNA,No
09/06/2026 15:05:56,6th sem ,BIT,3,4,4,5,4,4,4,4,4,4,3,3,4,4,4,4,Giving short answers ,Organizing my research ,It helps in revising my study 
09/06/2026 15:21:08,3rd year/6th sem,BIT,3,3,3,48 hrs,2,4,3,3,2,3,4,3,5,4,4,3,There unnecessary extra answers ,Easier prompt to get enough required answer,No
09/06/2026 16:22:43,6th,BIT,3,3,1,10-12,2,3,2,4,4,2,2,2,3,2,2,2,Distraction,Idk,No
09/06/2026 18:09:32,6th sem,Bit,4,4,1,10+,5,4,4,4,3,4,2,3,4,3,4,4,Math bujau na sakdaina majale,Proper mathematical solution dine,No
09/06/2026 19:21:17,3rd ,Bsc physics ,3,1,2,3 hrs ,2,2,5,4,2,3,5,4,4,2,4,5,Contradicting and inconsistant answers ,I wold kill for smthing that will force me to study 💯 facts ,No but i plan to
09/07/2026 16:04:03,Six ,N/A,3,1,1,42 hours ,3,1,1,1,3,1,1,3,1,3,1,3,limited token ,Hypothetical Study Feature,N/A
09/07/2026 16:45:12,6th,BIT,3,3,2,8 10,5,4,4,5,3,4,5,4,4,4,3,5,Token limit ,Sharing seamlessly ,Nah
09/07/2026 17:58:09,6th semester,BSc.CSIT,5,5,3,Not but probably more than 10hrs,5,5,4,5,4,5,5,5,5,3,5,4,"Wasting time fixing clunky configurations, environment errors instead of coding, outdated documentation & heavy tools that slow down my laptop.","1.AI assistant that reads dense outdated PDFs and gives short answers 2. Free Offline flashcards 3. Interactive Quizzes 4. Easy simple, attractive UI  5. Notification to users if they aren't active for more than 10 hours or if they haven't completed their task/ study session of per day/week."," Yes, I am using the paid version of HamroCsit. It is quite good but takes long time to update new questions & answers. They haven't made an IOS version which I've been waiting for more than 2.5years. Similarly, I also have tried using other tools but found confusing interfaces, harsh colors, unnecessary settings or complicated features. Some apps are expensive and require dollar cards which is quite expensive. That is hard for Campus students."
09/07/2026 18:34:22,6 semester ,BIT,5,5,5,20 hours,5,4,5,5,5,5,5,5,5,5,5,3,Not able to ask doubt,Asking doubt feature,No
09/07/2026 18:42:19,6 sem,BIT,3,3,3,2-3 per day,3,3,3,3,3,3,3,3,3,3,3,3,Sometimes annoying ,Idk,Idk
09/07/2026 22:22:57,6,BIT,2,2,2,2-3,3,2,3,2,2,2,2,2,2,2,2,2,expensive,all should be free and easily accessible,yes
09/07/2026 22:48:06,6th,BIT,3,3,3,7,3,3,3,4,4,5,5,3,5,3,5,4,The biggest frustration is that digital learning often feels boring and passive. I don’t feel actively engaged while learning.,Interactive learning activities that make studying more engaging and less passive.,No.
09/08/2026 07:18:01,6th sem,BIT,4,4,4,4-5 per day ,4,3,3,4,3,3,4,4,4,4,4,3,Not at all,Not at all,No
09/09/2026 12:54:10,Sixth,BIT,3,3,1,5 hours,3,4,4,4,4,4,4,4,4,3,3,4,Ads,Chatbots,Yes 
09/15/2026 08:44:39,6th,BIT,3,4,1,16,4,3,4,5,2,5,5,4,4,4,3,5,"Subscription, ","Tell me what to study and what type of review is needed, like just a review or a practice test",Yes
